num_feat1,num_feat2,num_feat3,cat_feat1,cat_feat2,cat_feat3,Result
1,1.0,0,1,1,2,1
2,2.0,0,1,5,3,1
3,2.0,2,0,5,0,1
3,1.6666666666666667,1,1,1,8,0
3,2.0,2,0,1,3,0
3,2.0,2,0,3,9,1
2,5.0,0,1,1,7,0
2,5.0,0,0,9,0,0
2,5.0,0,0,10,7,0
2,5.0,0,0,1,0,0
2,5.0,0,1,10,2,0
2,5.0,0,0,7,2,0
2,4.5,1,0,1,7,1
3,4.333333333333333,1,1,11,2,1
4,5.5,5,0,9,0,1
3,2.0,2,0,1,7,1
